Site,Haglof_Plot_ID,Tag,Haglof_ID,Species,Health_status,Date,Notes
UMBS,101,1WP2,1,POGR,L,2019-06-09,0001 ID in Haglof
UMBS,101,3347,3347,POGR,L,2019-06-09,
UMBS,101,3348,3348,ACRU,L,2019-06-09,
UMBS,101,3349,3349,ACRU,L,2019-06-09,
UMBS,101,3350,3350,BEPA,L,2019-06-09,
UMBS,101,3351,3351,FAGR,L,2019-06-09,multiple stems from base; shares with 3352
UMBS,101,3352,3352,FAGR,L,2019-06-09,multiple stems from base; shares with 3351
UMBS,101,3353,3353,POGR,D,2019-06-09,
UMBS,102,3354,3354,ACRU,L,2019-06-09,Two stems from single base; only 1 >8cm
UMBS,101,3355,3355,POGR,L,2019-06-09,
UMBS,102,3356,3356,POGR,L,2019-06-09,
UMBS,101,3357,3357,ACRU,L,2019-06-09,
UMBS,101,3358,3358,PIST,L,2019-06-09,
UMBS,101,3359,3359,QURU,L,2019-06-09,
UMBS,101,3360,3360,PIST,L,2019-06-09,
UMBS,101,3361,3361,QURU,L,2019-06-09,
UMBS,101,3362,3362,QURU,L,2019-06-09,
UMBS,101,3363,3363,POGR,L,2019-06-09,
UMBS,130,1WP1,2,POGR,L,2019-06-14,0002 on Haglof; returned to remap on 6/14
UMBS,101,3364,3364,POGR,L,2019-06-09,
UMBS,101,3365,3365,ACRU,L,2019-06-09,
UMBS,101,3366,3366,FAGR,L,2019-06-09,2 stems; only 1 >8cm
UMBS,101,3367,3367,FAGR,L,2019-06-09,
UMBS,101,3368,3368,FAGR,L,2019-06-09,2 stems; shares base with 3369
UMBS,103,3369,3369,FAGR,L,2019-06-09,2 stems; shares base with 3368
UMBS,103,3370,3370,QURU,L,2019-06-09,
UMBS,103,3371,3371,BEPA,L,2019-06-09,share base with 3372 & 3373
UMBS,103,3372,3372,BEPA,L,2019-06-09,share base with 3371 & 3373
UMBS,103,3373,3373,BEPA,L,2019-06-09,share base with 3371 & 3372
UMBS,103,1WP3,3,POGR,L,2019-06-09,0003 on Haglof
UMBS,103,1WA3,4,ACRU,L,2019-06-09,0004 on Haglof; shares base with 3374
UMBS,103,3374,3374,ACRU,L,2019-06-09,Shares base with 1WA3 and a small third stem
UMBS,103,3375,3375,ACRU,L,2019-06-09,
UMBS,103,3376,3376,POGR,D,2019-06-09,
UMBS,103,3377,3377,POGR,D,2019-06-09,
UMBS,103,3378,3378,FAGR,L,2019-06-09,
UMBS,103,3379,3379,ACRU,L,2019-06-09,shares base with 3380
UMBS,103,3380,3380,ACRU,D,2019-06-09,shares base with 3379
UMBS,103,3381,3381,POGR,D,2019-06-09,
UMBS,103,3382,3382,ACRU,L,2019-06-09,
UMBS,103,3383,3383,POGR,D,2019-06-09,
UMBS,103,3384,3384,ACRU,L,2019-06-09,shares base with 3385
UMBS,103,3385,3385,ACRU,L,2019-06-09,shares base with 3384
UMBS,103,3386,3386,POGR,D,2019-06-09,
UMBS,104,3387,3387,PIST,L,2019-06-09,
UMBS,104,3388,3388,QURU,L,2019-06-09,Shares base with 3389
UMBS,104,3389,3389,QURU,L,2019-06-09,Shares base with 3388
UMBS,104,3390,3390,ACRU,D,2019-06-09,"snag; some bark left, think it’s an acru"
UMBS,104,3391,3391,ACRU,D,2019-06-09,Shares base with 1WA2
UMBS,104,1WA2,5,ACRU,L,2019-06-09,0005 on Haglof; shares base with 3391
UMBS,104,1WQ3,6,QURU,L,2019-06-09,0006 on Haglof
UMBS,104,3392,3392,POGR,D,2019-06-09,
UMBS,104,3393,3393,QURU,L,2019-06-09,
UMBS,104,3394,3394,ACRU,L,2019-06-09,shares base with 3395
UMBS,104,3395,3395,ACRU,L,2019-06-09,shares base with 3394
UMBS,104,3396,3396,QURU,L,2019-06-09,
UMBS,131,3397,3397,ACRU,L,2019-06-14,crown dead; in a new plot on 6/14
UMBS,104,3398,3398,QURU,L,2019-06-09,
UMBS,104,3399,3399,QURU,L,2019-06-09,
UMBS,104,1WQ1,7,QURU,L,2019-06-09,0007 on Haglof
UMBS,104,3400,3400,PIST,L,2019-06-09,
UMBS,104,3401,3401,QURU,L,2019-06-09,
UMBS,104,3402,3402,ACRU,L,2019-06-09,shares base with 3403
UMBS,104,3403,3403,ACRU,D,2019-06-09,shares base with 3402
UMBS,104,3404,3404,QURU,L,2019-06-09,
UMBS,104,3405,3405,ACRU,L,2019-06-09,
UMBS,104,3406,3406,ACRU,L,2019-06-09,
UMBS,104,3407,3407,PIST,L,2019-06-09,
UMBS,104,3408,3408,SNAG,D,2019-06-09,Not totally sure of species but think it's a POGR
UMBS,104,3409,3409,PIST,L,2019-06-09,
UMBS,104,3410,3410,QURU,L,2019-06-09,shares base with 3411
UMBS,104,3411,3411,QURU,L,2019-06-09,shares base with 3410
UMBS,104,3412,3412,SNAG,D,2019-06-09,no idea of species
UMBS,104,3413,3413,PIST,L,2019-06-09,last tree mapped on 6/9
UMBS,106,3414,3414,PIST,L,2019-06-10,first tree mapped 6/10
UMBS,106,3415,3415,PIST,L,2019-06-10,
UMBS,106,3416,3416,PIST,L,2019-06-10,
UMBS,106,3417,3417,QURU,L,2019-06-10,shares base with 3418
UMBS,106,3418,3418,QURU,L,2019-06-10,shares base with 3417
UMBS,106,1WQ2,8,QURU,L,2019-06-10,0008 on Haglof
UMBS,106,3419,3419,QURU,L,2019-06-10,
UMBS,107,3420,3420,PIST,L,2019-06-10,
UMBS,107,3421,3421,PIST,L,2019-06-10,
UMBS,107,1WA1,9,ACRU,L,2019-06-10,0009 on Haglof
UMBS,107,3422,3422,PIST,L,2019-06-10,
UMBS,107,3423,3423,PIST,L,2019-06-10,
UMBS,107,3424,3424,QURU,L,2019-06-10,Shares base with 3425
UMBS,107,3425,3425,QURU,L,2019-06-10,Shares base with 3424
UMBS,107,1EA3,10,ACRU,L,2019-06-10,0010 on Haglof
UMBS,107,3426,3426,ACRU,L,2019-06-10,Broken crown; deformed trunk; took DBH high to avoid deformation 
UMBS,107,3427,3427,QURU,L,2019-06-10,
UMBS,107,3428,3428,PIST,L,2019-06-10,
UMBS,107,3429,3429,ACRU,L,2019-06-10,
UMBS,107,3430,3430,QURU,L,2019-06-10,
UMBS,107,3431,3431,QURU,L,2019-06-10,
UMBS,107,3432,3432,QURU,L,2019-06-10,
UMBS,108,3433,3433,POTR,L,2019-06-10,
UMBS,108,3434,3434,FAGR,L,2019-06-10,
UMBS,108,3435,3435,QURU,L,2019-06-10,
UMBS,108,3436,3436,QURU,L,2019-06-10,
UMBS,108,3437,3437,QURU,L,2019-06-10,
UMBS,108,1EQ3,11,QURU,L,2019-06-10,0011 on Haglof
UMBS,108,3438,3438,PIST,L,2019-06-10,
UMBS,108,3439,3439,QURU,L,2019-06-10,
UMBS,108,3440,3440,QURU,L,2019-06-10,
UMBS,108,3441,3441,POGR,L,2019-06-10,
UMBS,108,3442,3442,QURU,L,2019-06-10,
UMBS,108,3443,3443,POGR,L,2019-06-10,
UMBS,108,1EP3,12,POGR,L,2019-06-10,0012 on Haglof
UMBS,108,3444,3444,QURU,L,2019-06-10,
UMBS,108,3445,3445,QURU,L,2019-06-10,
UMBS,108,3446,3446,QURU,L,2019-06-10,
UMBS,108,3447,3447,PIST,L,2019-06-10,
UMBS,108,1EQ1,13,QURU,L,2019-06-10,0013 on Haglof
UMBS,109,3448,3448,ACSA,L,2019-06-10,Shares base with 3449
UMBS,109,3449,3449,ACSA,L,2019-06-10,Shares base with 3448
UMBS,109,1EQ2,14,QURU,L,2019-06-10,0014 on Haglof
UMBS,109,1EA2,15,ACRU,L,2019-06-10,0015 on Haglof
UMBS,109,1EP1,16,POGR,L,2019-06-10,0016 on Haglof 
UMBS,109,1EA1,17,ACRU,L,2019-06-10,0017 on Haglof
UMBS,109,1EP2,18,POGR,L,2019-06-10,0018 on Haglof
UMBS,109,3450,3450,POGR,D,2019-06-10,
UMBS,109,3451,3451,POGR,L,2019-06-10,
UMBS,109,3452,3452,PIST,L,2019-06-10,
UMBS,109,3453,3453,PIST,L,2019-06-10,
UMBS,109,3454,3454,POGR,L,2019-06-10,
UMBS,109,3455,3455,POGR,L,2019-06-10,
UMBS,109,3456,3456,POGR,L,2019-06-10,
UMBS,109,3457,3457,POGR,L,2019-06-10,
UMBS,109,3458,3458,PIST,L,2019-06-10,
UMBS,109,3459,3459,POGR,L,2019-06-10,
UMBS,109,3460,3460,FAGR,L,2019-06-10,shares base with 3461
UMBS,109,3461,3461,FAGR,L,2019-06-10,shares base with 3460
UMBS,109,3462,3462,POGR,L,2019-06-10,
UMBS,109,3463,3463,POGR,L,2019-06-10,
UMBS,110,3464,3464,QURU,L,2019-06-10,
UMBS,110,3465,3465,QURU,L,2019-06-10,
UMBS,110,3466,3466,POGR,L,2019-06-10,
UMBS,110,3467,3467,PIST,L,2019-06-10,
UMBS,110,3468,3468,ACRU,L,2019-06-10,Shares base with 3469
UMBS,110,3469,3469,ACRU,L,2019-06-10,Shares base with 3468
UMBS,111,3470,3470,PIST,L,2019-06-10,
UMBS,111,3471,3471,POTR,L,2019-06-10,
UMBS,115,3472,3472,PIST,L,2019-06-10,several plots had problems; start with plot 115 for D03W
UMBS,115,3473,3473,QURU,L,2019-06-10,
UMBS,115,3474,3474,POGR,L,2019-06-10,
UMBS,115,3475,3475,POGR,L,2019-06-10,
UMBS,115,3476,3476,POGR,L,2019-06-10,
UMBS,115,3477,3477,QURU,L,2019-06-10,
UMBS,115,3478,3478,QURU,L,2019-06-10,
UMBS,115,3479,3479,QURU,L,2019-06-10,
UMBS,115,3480,3480,ACRU,L,2019-06-10,Shares base with 3481 & 3482
UMBS,115,3481,3481,ACRU,L,2019-06-10,Shares base with 3480 & 3482
UMBS,115,3482,3482,ACRU,L,2019-06-10,Shares base with 3481 & 3480
UMBS,115,3483,3483,QURU,L,2019-06-10,
UMBS,115,3484,3484,POGR,D,2019-06-10,
UMBS,115,3WP3,19,POGR,L,2019-06-10,0019 on Haglof
UMBS,115,3485,3485,QURU,L,2019-06-10,
UMBS,115,3486,3486,QURU,L,2019-06-10,
UMBS,115,3487,3487,QURU,L,2019-06-10,
UMBS,115,3488,3488,QURU,L,2019-06-10,
UMBS,115,3489,3489,POGR,L,2019-06-10,
UMBS,115,3490,3490,QURU,L,2019-06-10,
UMBS,115,3491,3491,POGR,L,2019-06-10,
UMBS,115,3WP1,20,POGR,L,2019-06-10,0020 on Haglof
UMBS,115,3WP2,21,POGR,L,2019-06-10,0021 on Haglof
UMBS,115,3492,3492,POGR,L,2019-06-10,
UMBS,115,3493,3493,PIST,L,2019-06-10,
UMBS,116,3494,3494,POGR,L,2019-06-10,
UMBS,116,3495,3495,POGR,L,2019-06-10,
UMBS,116,3496,3496,POGR,L,2019-06-10,
UMBS,116,3497,3497,POGR,L,2019-06-10,
UMBS,116,3498,3498,PIST,L,2019-06-10,
UMBS,116,3499,3499,PIST,L,2019-06-10,
UMBS,116,3500,3500,ACRU,L,2019-06-10,shares base with 3501
UMBS,116,3501,3501,ACRU,L,2019-06-10,shares base with 3500
UMBS,116,3WA3,22,ACRU,L,2019-06-10,0022 on Haglof
UMBS,116,3WA2,23,ACRU,L,2019-06-10,0023 on Haglof
UMBS,116,3WQ3,24,QURU,L,2019-06-10,0024 on Haglof
UMBS,116,3WQ2,25,QURU,L,2019-06-10,0025 on Haglof
UMBS,116,3502,3502,PIST,L,2019-06-10,
UMBS,116,3503,3503,PIST,L,2019-06-10,
UMBS,116,3504,3504,PIST,L,2019-06-10,
UMBS,116,3505,3505,QURU,L,2019-06-10,
UMBS,116,3506,3506,FAGR,L,2019-06-10,
UMBS,116,3507,3507,ACRU,L,2019-06-10,"4 stems from same base; 3 tagged; 3507, 3508, 3WA2"
UMBS,116,3508,3508,ACRU,D,2019-06-10,"4 stems from same base; 3 tagged; 3507, 3508, 3WA2"
UMBS,116,3509,3509,ACRU,L,2019-06-10,shares base with 3510
UMBS,116,3510,3510,ACRU,L,2019-06-10,shares base with 3509
UMBS,117,3511,3511,PIST,L,2019-06-10,
UMBS,117,3512,3512,PIST,L,2019-06-10,
UMBS,117,3513,3513,SNAG,D,2019-06-10,can’t tell species from bark
UMBS,117,3514,3514,POGR,L,2019-06-10,
UMBS,117,3515,3515,QURU,L,2019-06-10,Large scar running vertically along trunk
UMBS,117,3516,3516,QURU,L,2019-06-10,shares base with 3WQ2
UMBS,117,3517,3517,QURU,L,2019-06-10,
UMBS,117,3518,3518,QURU,L,2019-06-10,
UMBS,117,3519,3519,QURU,L,2019-06-10,
UMBS,117,3520,3520,PIST,L,2019-06-10,
UMBS,117,3521,3521,QURU,L,2019-06-10,
UMBS,117,3522,3522,ACRU,L,2019-06-10,"shares base with 3WA1, 3523, 3524"
UMBS,117,3523,3523,ACRU,L,2019-06-10,"shares base with 3WA1, 3522, 3524"
UMBS,117,3524,3524,ACRU,L,2019-06-10,"shares base with 3WA1, 3522, 3523"
UMBS,117,3WA1,26,ACRU,L,2019-06-10,"0026 on Haglof; shares base with 3522, 3523, 3524"
UMBS,117,3WQ1,27,QURU,L,2019-06-10,0027 on Haglof
UMBS,117,3525,3525,QURU,L,2019-06-10,
UMBS,117,3526,3526,POGR,L,2019-06-10,
UMBS,117,3527,3527,PIST,D,2019-06-10,
UMBS,117,3528,3528,QURU,L,2019-06-10,shares base with 3WQ1
UMBS,117,3529,3529,QURU,L,2019-06-10,crown damaged; shares base with 3530
UMBS,117,3530,3530,QURU,L,2019-06-10,shares base with 3529
UMBS,117,3531,3531,QURU,L,2019-06-10,
UMBS,117,3532,3532,ACRU,L,2019-06-10,
UMBS,118,3533,3533,ACRU,L,2019-06-10,
UMBS,118,3534,3534,ACRU,D,2019-06-10,
UMBS,118,3535,3535,PIST,L,2019-06-10,
UMBS,118,3536,3536,PIST,L,2019-06-10,
UMBS,118,3537,3537,PIST,L,2019-06-10,
UMBS,118,3538,3538,QURU,L,2019-06-10,second stem of shared base with 3EQ3
UMBS,118,3539,3539,PIRE,L,2019-06-10,
UMBS,118,3EQ3,28,QURU,L,2019-06-10,0028 on Haglof; shares base with 3538
UMBS,118,3EA3,29,ACRU,L,2019-06-10,0029 on Haglof; shares base with 3543
UMBS,118,3EQ2,30,QURU,L,2019-06-10,0030 on Haglof
UMBS,118,3540,3540,PIRE,L,2019-06-10,
UMBS,118,3541,3541,PIRE,L,2019-06-10,
UMBS,118,3542,3542,FAGR,L,2019-06-10,
UMBS,118,3543,3543,ACRU,L,2019-06-10,shares base with 3EA3
UMBS,118,3544,3544,PIRE,L,2019-06-10,
UMBS,118,3545,3545,QURU,L,2019-06-10,"Triple stem with 3546, 3547"
UMBS,119,3546,3546,QURU,L,2019-06-10,"Triple stem with 3545, 3547"
UMBS,119,3547,3547,QURU,L,2019-06-10,"Triple stem with 3545, 3546"
UMBS,119,3548,3548,QURU,L,2019-06-10,Shares base with 3549
UMBS,119,3549,3549,QURU,L,2019-06-10,Shares base with 3548
UMBS,119,3550,3550,QURU,L,2019-06-10,
UMBS,119,3551,3551,PIRE,L,2019-06-10,
UMBS,119,3552,3552,POGR,L,2019-06-10,
UMBS,119,3553,3553,PIRE,L,2019-06-10,
UMBS,120,3554,3554,POGR,L,2019-06-10,
UMBS,120,3555,3555,POGR,D,2019-06-10,shares base with 3EP3
UMBS,120,3556,3556,POGR,L,2019-06-10,
UMBS,119,3557,3557,PIST,L,2019-06-10,
UMBS,119,3558,3558,POGR,L,2019-06-10,
UMBS,119,3559,3559,PIRE,L,2019-06-10,
UMBS,119,3560,3560,POGR,L,2019-06-10,
UMBS,120,3EP3,31,POGR,L,2019-06-10,0031 on Haglof; shares base with snag 3555
UMBS,120,3EP1,32,POGR,L,2019-06-10,0032 on Haglof
UMBS,120,3EA1,33,ACRU,L,2019-06-10,0033 on Haglof
UMBS,120,3EQ1,34,QURU,L,2019-06-10,0034 on Haglof
UMBS,120,3561,3561,QURU,L,2019-06-10,
UMBS,120,3562,3562,QURU,L,2019-06-10,
UMBS,120,3563,3563,QURU,L,2019-06-10,
UMBS,120,3564,3564,QURU,L,2019-06-10,
UMBS,120,3565,3565,QURU,L,2019-06-10,
UMBS,120,3566,3566,QURU,L,2019-06-10,
UMBS,120,3567,3567,POGR,L,2019-06-10,
UMBS,120,3568,3568,POGR,L,2019-06-10,
UMBS,120,3569,3569,POGR,L,2019-06-10,
UMBS,120,3570,3570,ACRU,D,2019-06-10,"Shares base with 3571, 3EA1"
UMBS,120,3571,3571,ACRU,L,2019-06-10,"Shares base with 3570, 3EA1"
UMBS,120,3572,3572,POGR,L,2019-06-10,
UMBS,120,3573,3573,PIST,L,2019-06-10,
UMBS,120,3574,3574,PIST,L,2019-06-10,
UMBS,120,3575,3575,POGR,L,2019-06-10,
UMBS,121,3576,3576,PIRE,L,2019-06-10,
UMBS,121,3577,3577,PIST,L,2019-06-10,
UMBS,121,3578,3578,POGR,L,2019-06-10,
UMBS,121,3579,3579,POGR,L,2019-06-10,
UMBS,121,3580,3580,POGR,L,2019-06-10,
UMBS,121,3581,3581,PIRE,L,2019-06-10,
UMBS,121,3582,3582,QURU,L,2019-06-10,Triple stem with 3583 & 3EA2
UMBS,121,3583,3583,QURU,L,2019-06-10,Triple stem with 3582 & 3EA2
UMBS,121,3584,3584,POGR,L,2019-06-10,
UMBS,121,3585,3585,PIST,D,2019-06-10,
UMBS,121,3586,3586,POGR,L,2019-06-10,
UMBS,121,3587,3587,FAGR,L,2019-06-10,
UMBS,121,3588,3588,PIRE,L,2019-06-10,
UMBS,121,3589,3589,POGR,L,2019-06-10,
UMBS,121,3590,3590,POGR,L,2019-06-10,
UMBS,121,3591,3591,POGR,D,2019-06-10,
UMBS,121,3592,3592,POGR,L,2019-06-10,
UMBS,121,3593,3593,POGR,D,2019-06-10,short snag
UMBS,123,3594,3594,ACRU,D,2019-06-10,"short snag, base with multiple stems; 1 tree in this plot"
UMBS,120,3595,3595,ACRU,L,2019-06-10,share base
UMBS,120,3596,3596,ACRU,L,2019-06-10,share base
UMBS,120,3597,3597,PIST,L,2019-06-10,
UMBS,122,3598,3598,PIST,L,2019-06-10,one tree in this plot (plot #122)
UMBS,121,3EA2,35,ACRU,L,2019-06-10,0035 on Haglof; shares base with 3582 & 3583
UMBS,121,3EP2,36,POGR,L,2019-06-10,0036 on Haglof
UMBS,121,3599,3599,QURU,L,2019-06-10,
UMBS,124,3600,3600,ACRU,L,2019-06-12,shares base with 3601
UMBS,124,3601,3601,ACRU,L,2019-06-12,shares base with 3600
UMBS,124,3602,3602,POGR,L,2019-06-12,
UMBS,124,3603,3603,QURU,L,2019-06-12,
UMBS,124,3604,3604,ACRU,L,2019-06-12,
UMBS,124,3605,3605,ACRU,L,2019-06-12,
UMBS,124,3606,3606,FAGR,L,2019-06-12,
UMBS,124,3607,3607,POGR,L,2019-06-12,
UMBS,124,3608,3608,ACRU,L,2019-06-12,Shares base with 3609
UMBS,124,3609,3609,ACRU,L,2019-06-12,Shares base with 3608
UMBS,124,3610,3610,FAGR,L,2019-06-12,shares base with 3611 and small third stem
UMBS,124,3611,3611,FAGR,L,2019-06-12,shares base with 3610 and small third stem
UMBS,124,3612,3612,ACRU,L,2019-06-12,
UMBS,124,3613,3613,FAGR,L,2019-06-12,shares base with small second stem
UMBS,124,3614,3614,FAGR,L,2019-06-12,
UMBS,124,3615,3615,QURU,G,2019-06-12,
UMBS,125,3616,3616,QURU,G,2019-06-12,
UMBS,124,3617,3617,QURU,G,2019-06-12,Was already dead as of girdling
UMBS,124,3618,3618,QURU,G,2019-06-12,
UMBS,124,3619,3619,POGR,G,2019-06-12,
UMBS,124,3620,3620,POGR,G,2019-06-12,
UMBS,124,3621,3621,FAGR,G,2019-06-12,
UMBS,125,3622,3622,FAGR,L,2019-06-12,
UMBS,125,3623,3623,FAGR,L,2019-06-12,shares base with small second stem
UMBS,125,3624,3624,FAGR,L,2019-06-12,
UMBS,125,3625,3625,FAGR,L,2019-06-12,
UMBS,125,2WP3,37,POGR,G,2019-06-12,00037 on haglof; accidentally girdled
UMBS,125,2WP2,38,POGR,L,2019-06-12,00038 on haglof
UMBS,125,2WQ3,39,QURU,L,2019-06-12,00039 on haglof
UMBS,125,2WA1,40,ACRU,L,2019-06-12,00040 on haglof
UMBS,125,2WQ1,41,QURU,L,2019-06-12,00041  on haglof
UMBS,125,2WA2,42,ACRU,L,2019-06-12,00042 on Haglof
UMBS,125,3626,3626,FAGR,L,2019-06-12,
UMBS,125,3627,3627,ACRU,L,2019-06-12,
UMBS,125,3628,3628,QURU,L,2019-06-12,shares base with 3629 and 3630
UMBS,125,3629,3629,QURU,L,2019-06-12,shares base with 3628 and 3630
UMBS,125,3630,3630,QURU,L,2019-06-12,shares base with 3628 and 3629
UMBS,125,3631,3631,POGR,D,2019-06-12,snag
UMBS,125,3632,3632,PIRE,L,2019-06-12,
UMBS,125,3633,3633,QURU,L,2019-06-12,
UMBS,125,3634,3634,ACRU,L,2019-06-12,
UMBS,125,3635,3635,QURU,G,2019-06-12,
UMBS,125,3636,3636,QURU,G,2019-06-12,
UMBS,125,3637,3637,QURU,G,2019-06-12,
UMBS,125,3638,3638,ACRU,L,2019-06-12,
UMBS,125,3639,3639,QURU,L,2019-06-12,shares base with 2WQ3
UMBS,125,3640,3640,ACRU,L,2019-06-12,
UMBS,125,3641,3641,QURU,G,2019-06-12,
UMBS,125,3642,3642,QURU,G,2019-06-12,
UMBS,125,3643,3643,QURU,G,2019-06-12,
UMBS,125,3644,3644,SNAG,D,2019-06-12,unidentifiable
UMBS,125,3645,3645,ACRU,L,2019-06-12,
UMBS,125,3646,3646,QURU,G,2019-06-12,
UMBS,125,3647,3647,QURU,L,2019-06-12,
UMBS,125,3648,3648,QURU,L,2019-06-12,
UMBS,125,3649,3649,QURU,L,2019-06-12,
UMBS,125,3650,3650,QURU,L,2019-06-12,Shares base with 3651
UMBS,125,3651,3651,QURU,L,2019-06-12,Shares base with 3650
UMBS,125,3652,3652,QURU,L,2019-06-12,Shares base with 3653 & 3654
UMBS,125,3653,3653,QURU,L,2019-06-12,Shares base with 3654 and 3652
UMBS,125,3654,3654,QURU,L,2019-06-12,Shares base with 3652 & 3653
UMBS,125,3655,3655,SNAG,D,2019-06-12,Snag
UMBS,125,3656,3656,FAGR,L,2019-06-12,two smaller stems from same base
UMBS,125,3657,3657,QURU,L,2019-06-12,
UMBS,125,3658,3658,QURU,L,2019-06-12,Shares base with 2WQ1
UMBS,125,3659,3659,ACRU,L,2019-06-12,Shares base with 3660
UMBS,125,3660,3660,ACRU,L,2019-06-12,Shares base with 3659
UMBS,125,3661,3661,QURU,L,2019-06-12,
UMBS,125,3662,3662,QURU,G,2019-06-12,
UMBS,125,3663,3663,POGR,D,2019-06-12,
UMBS,126,3664,3664,ACRU,L,2019-06-12,
UMBS,126,3665,3665,ACRU,L,2019-06-12,
UMBS,126,3666,3666,QURU,G,2019-06-12,
UMBS,126,3667,3667,ACRU,L,2019-06-12,shares base with 2WA2
UMBS,126,3668,3668,QURU,G,2019-06-12,
UMBS,126,3669,3669,QURU,G,2019-06-12,
UMBS,126,3670,3670,ACRU,L,2019-06-12,
UMBS,126,3671,3671,ACRU,L,2019-06-12,shares base with 3672
UMBS,126,3672,3672,ACRU,L,2019-06-12,shares base with 3671
UMBS,126,3673,3673,FAGR,L,2019-06-12,second small stem from same base
UMBS,126,3674,3674,QURU,L,2019-06-12,
UMBS,126,3675,3675,ACRU,L,2019-06-12,shares base with 2WA3
UMBS,126,3676,3676,ACRU,L,2019-06-12,second small stem from base
UMBS,126,3677,3677,POGR,L,2019-06-12,
UMBS,126,3678,3678,POGR,L,2019-06-12,
UMBS,126,3679,3679,FAGR,L,2019-06-12,
UMBS,126,3680,3680,POGR,L,2019-06-12,
UMBS,126,3681,3681,FAGR,L,2019-06-12,second small stem from base
UMBS,126,3682,3682,FAGR,L,2019-06-12,part of cluster including 3681-3
UMBS,126,3683,3683,FAGR,L,2019-06-12,part of cluster including 3681-3; second small stem from same base
UMBS,126,3684,3684,PIRE,D,2019-06-12,
UMBS,127,3685,3685,ACRU,L,2019-06-12,Shares base with 3686
UMBS,127,3686,3686,ACRU,L,2019-06-12,Shares base with 3685
UMBS,127,3687,3687,ACRU,L,2019-06-12,second small stem from base
UMBS,127,3688,3688,POGR,D,2019-06-12,snag
UMBS,127,3689,3689,QURU,L,2019-06-12,second dead stem from same base
UMBS,127,2WA3,43,ACRU,L,2019-06-12,0043 on Haglof
UMBS,127,2WP1,44,POGR,L,2019-06-12,0044 on Haglof
UMBS,127,2WQ2,45,QURU,L,2019-06-12,0045 on Haglof
UMBS,127,2EQ1,46,QURU,L,2019-06-12,0046 on Haglof
UMBS,127,2EA1,47,ACRU,L,2019-06-12,0047 on Haglof; part of stem cluster
UMBS,127,2EQ2,48,QURU,L,2019-06-12,0048 on Haglof
UMBS,127,2EP1,49,POGR,L,2019-06-12,0049 on Haglof
UMBS,127,2EQ3,50,QURU,L,2019-06-12,0050 on Haglof
UMBS,127,3690,3690,QURU,L,2019-06-12,
UMBS,127,3691,3691,ACRU,L,2019-06-12,Several small stems from same base
UMBS,127,3692,3692,QURU,D,2019-06-12,
UMBS,127,3693,3693,POGR,L,2019-06-12,Shares base with 2WP1 (twin trunks)
UMBS,127,3694,3694,ACRU,L,2019-06-12,Small stems from same base
UMBS,127,3695,3695,ACRU,D,2019-06-12,Shares base with 3696
UMBS,127,3696,3696,ACRU,L,2019-06-12,Shares base with 3695
UMBS,127,3697,3697,POGR,D,2019-06-12,Snag
UMBS,127,3698,3698,POGR,D,2019-06-12,Snag
UMBS,127,3699,3699,QURU,L,2019-06-12,
UMBS,127,3700,3700,ACRU,D,2019-06-12,Part of cluster including 3700-2 & 2EA1
UMBS,127,3701,3701,ACRU,L,2019-06-12,Part of cluster including 3700-2 & 2EA1
UMBS,127,3702,3702,ACRU,L,2019-06-12,Part of cluster including 3700-2 & 2EA1
UMBS,127,3703,3703,POGR,L,2019-06-12,
UMBS,127,3704,3704,POGR,L,2019-06-12,
UMBS,127,3705,3705,ACRU,L,2019-06-12,
UMBS,127,3706,3706,ACRU,L,2019-06-12,Shares base with 3707
UMBS,127,3707,3707,ACRU,L,2019-06-12,Shares base with 3706
UMBS,127,3708,3708,QURU,L,2019-06-12,
UMBS,127,3709,3709,QURU,L,2019-06-12,
UMBS,127,3710,3710,ACRU,L,2019-06-12,second small stem from base
UMBS,127,3711,3711,PIST,L,2019-06-12,
UMBS,127,3712,3712,PIST,L,2019-06-12,
UMBS,127,3713,3713,QURU,L,2019-06-12,Shares base with 3714 (twin trunks)
UMBS,127,3714,3714,QURU,L,2019-06-12,Shares base with 3713
UMBS,127,3715,3715,PIST,L,2019-06-12,
UMBS,127,3716,3716,QURU,L,2019-06-12,Shares base with 3717 (twin trunks)
UMBS,127,3717,3717,QURU,L,2019-06-12,Shares base with 3716 (twin trunks)
UMBS,127,3718,3718,ACRU,L,2019-06-12,Several small stems from same base 
UMBS,127,3719,3719,ACRU,L,2019-06-12,Several small stems from same base 
UMBS,127,3720,3720,QURU,L,2019-06-12,Shares base with 2EQ3 & 3721
UMBS,128,3721,3721,QURU,L,2019-06-12,Shares base with 2EQ3 & 3720
UMBS,128,3722,3722,POGR,L,2019-06-12,
UMBS,128,3723,3723,QURU,L,2019-06-12,
UMBS,128,3724,3724,QURU,D,2019-06-12,
UMBS,128,3725,3725,QURU,L,2019-06-12,
UMBS,128,3726,3726,POGR,L,2019-06-12,
UMBS,128,3727,3727,POGR,L,2019-06-12,
UMBS,128,3728,3728,QURU,L,2019-06-12,shares base with 3729
UMBS,128,3729,3729,QURU,L,2019-06-12,shares base with 3728
UMBS,128,3730,3730,QURU,L,2019-06-12,
UMBS,128,3731,3731,SNAG,D,2019-06-12,can’t ID species from remnant bark
UMBS,128,3732,3732,ACRU,L,2019-06-12,
UMBS,128,3733,3733,ACRU,L,2019-06-12,Shares base with 2EA3
UMBS,128,3734,3734,ACRU,L,2019-06-12,Shares base with 2EA2 plus small stems
UMBS,128,3735,3735,FAGR,L,2019-06-12,Second small stem from base
UMBS,128,3736,3736,QURU,L,2019-06-12,
UMBS,128,3737,3737,QURU,L,2019-06-12,
UMBS,129,3738,3738,POGR,L,2019-06-12,
UMBS,129,3739,3739,POGR,L,2019-06-12,Shares base with 2EP2
UMBS,129,3740,3740,ACRU,L,2019-06-12,Shares base with 3741 & other small stems
UMBS,129,3741,3741,ACRU,L,2019-06-12,Shares base with 3740 & other small stems
UMBS,129,3742,3742,QURU,L,2019-06-12,
UMBS,129,3743,3743,QURU,L,2019-06-12,
UMBS,129,3744,3744,ACRU,L,2019-06-12,Shares base with 3745 & 3746
UMBS,129,3745,3745,ACRU,L,2019-06-12,Shares base with 3744 & 3746
UMBS,129,3746,3746,ACRU,L,2019-06-12,Shares base with 3744 & 3745
UMBS,129,3747,3747,QURU,L,2019-06-12,Shares base with 3748
UMBS,129,3748,3748,QURU,L,2019-06-12,Shares base with 3747
UMBS,129,3749,3749,ACRU,L,2019-06-12,
UMBS,129,3750,3750,QURU,L,2019-06-12,
UMBS,129,3751,3751,ACRU,L,2019-06-12,Cluster with several small stems 
UMBS,129,3752,3752,QURU,L,2019-06-12,
UMBS,129,2EA2,51,ACRU,L,2019-06-12,0051 on Haglof
UMBS,129,2EP2,52,POGR,L,2019-06-12,0052 on Haglof; shares base with 3739
UMBS,129,2EA3,53,ACRU,L,2019-06-12,0053 on Haglof; shares base with 3733 & other small stems 
UMBS,129,2EP3,54,POGR,L,2019-06-12,0054 on Haglof 
UMBS,129,3753,3753,ACRU,L,2019-06-12,Cluster of several small stems 
UMBS,129,3754,3754,QURU,L,2019-06-12,
UMBS,129,3755,3755,QURU,L,2019-06-12,
UMBS,129,3756,3756,ACRU,L,2019-06-12,Cluster of several small stems
UMBS,129,3757,3757,QURU,L,2019-06-12,
UMBS,129,3758,3758,POGR,L,2019-06-12,
UMBS,129,3759,3759,PIST,L,2019-06-12,
UMBS,129,3760,3760,ACRU,L,2019-06-12,Shares base with 3761 & 3762
UMBS,129,3761,3761,ACRU,L,2019-06-12,Shares base with 3760 & 3762
UMBS,129,3762,3762,ACRU,L,2019-06-12,Shares base with 3760 & 3761
UMBS,129,3763,3763,QURU,L,2019-06-12,Shares base with 3764
UMBS,129,3764,3764,QURU,L,2019-06-12,Shares base with 3763
UMBS,129,3765,3765,ACRU,L,2019-06-12,Shares base with 3766 & additional small stem 
UMBS,129,3766,3766,ACRU,L,2019-06-12,Shares base with 3765 & additional small stem
UMBS,129,3767,3767,QURU,L,2019-06-12,
UMBS,129,3768,3768,POGR,L,2019-06-12,
UMBS,129,3769,3769,POGR,D,2019-06-12,Snag
UMBS,129,3770,3770,QURU,L,2019-06-12,Crown destroyed 
UMBS,129,3771,3771,QURU,L,2019-06-12,
UMBS,129,3772,3772,QURU,L,2019-06-12,
UMBS,129,3773,3773,ACRU,L,2019-06-12,Shares base with 3774
UMBS,129,3774,3774,ACRU,L,2019-06-12,Shares base with 3773
UMBS,129,3775,3775,POGR,L,2019-06-12,
UMBS,129,3776,3776,POGR,L,2019-06-12,
UMBS,129,3777,3777,QURU,L,2019-06-12,
UMBS,129,3778,3778,ACRU,L,2019-06-12,"Shares base with 3753, 3779 & another small stem "
UMBS,129,3779,3779,ACRU,L,2019-06-12,"Shares base with 3753, 3778 & another small stem"
UMBS,132,3780,3780,QURU,L,2019-06-14,
UMBS,132,3781,3781,PIST,L,2019-06-14,
UMBS,132,3782,3782,FAGR,L,2019-06-14,
UMBS,132,3783,3783,QURU,L,2019-06-14,Shares base with 4WQ3; twin stems; this stem is the one whose crown was actually sampled
UMBS,132,3784,3784,PIST,L,2019-06-14,
UMBS,132,3785,3785,PIST,L,2019-06-14,
UMBS,132,3786,3786,PIST,L,2019-06-14,
UMBS,132,3787,3787,PIST,L,2019-06-14,
UMBS,132,3788,3788,QURU,L,2019-06-14,Shares base with 3789; twin stems
UMBS,132,3789,3789,QURU,L,2019-06-14,Shares base with 3788; twin stems
UMBS,132,3790,3790,ACRU,L,2019-06-14,
UMBS,132,3791,3791,QURU,L,2019-06-14,Triple stem with 3792 & 3793
UMBS,132,3792,3792,QURU,L,2019-06-14,Triple stem with 3791 & 3793
UMBS,132,3793,3793,QURU,L,2019-06-14,Triple stem with 3791 & 3792
UMBS,132,3794,3794,PIST,L,2019-06-14,
UMBS,132,3795,3795,QURU,L,2019-06-14,
UMBS,132,3796,3796,PIST,L,2019-06-14,
UMBS,132,3797,3797,PIST,L,2019-06-14,
UMBS,132,3798,3798,ACRU,L,2019-06-14,Several small stems from same base
UMBS,132,3799,3799,QURU,L,2019-06-14,
UMBS,132,4WQ3,55,QURU,L,2019-06-14,0055 on Haglof; shares base with 3783
UMBS,133,3800,3800,QURU,L,2019-06-14,
UMBS,133,3801,3801,ACRU,L,2019-06-14,
UMBS,133,3802,3802,ACRU,L,2019-06-14,
UMBS,133,3803,3803,QURU,L,2019-06-14,Triple stem with 3804 & 3805
UMBS,133,3804,3804,QURU,L,2019-06-14,Triple stem with 3803 & 3805
UMBS,133,3805,3805,QURU,L,2019-06-14,Triple stem with 3803 & 3804
UMBS,133,3846,3846,PIST,L,2019-06-14,
UMBS,133,3806,3806,PIST,L,2019-06-14,
UMBS,133,3807,3807,PIST,L,2019-06-14,
UMBS,133,3808,3808,PIST,L,2019-06-14,
UMBS,133,3809,3809,POGR,L,2019-06-14,
UMBS,133,3810,3810,SNAG,D,2019-06-14,
UMBS,133,3811,3811,POGR,G,2019-06-14,
UMBS,133,3812,3812,PIST,D,2019-06-14,
UMBS,133,3813,3813,ACRU,L,2019-06-14,Shares base with second small stem
UMBS,133,3814,3814,QURU,L,2019-06-14,
UMBS,133,3815,3815,ACRU,L,2019-06-14,
UMBS,133,4WA3,56,ACRU,L,2019-06-14,0056 on Haglof
UMBS,133,4WA2,57,ACRU,L,2019-06-14,0057 on Haglof; this stem is severely damaged and not complete at breast height; second stem from same base is dendro banded (3818)
UMBS,133,4WQ2,58,QURU,L,2019-06-14,0058 on Haglof
UMBS,133,4WQ1,59,QURU,L,2019-06-14,0059 on Haglof
UMBS,133,4WA1,60,ACRU,L,2019-06-14,0060 on Haglof; shares base with 3826; started to be cut on girdling day but wasn’t fully girdled
UMBS,133,4WP2,61,POGR,L,2019-06-14,0061 on Haglof 
UMBS,134,3816,3816,FAGR,L,2019-06-14,
UMBS,134,3817,3817,ACRU,L,2019-06-14,
UMBS,134,3818,3818,ACRU,L,2019-06-14,Shares base with 4WA2; dendro banded
UMBS,134,3819,3819,PIST,L,2019-06-14,
UMBS,134,3820,3820,PIST,G,2019-06-14,
UMBS,134,3821,3821,PIST,G,2019-06-14,
UMBS,134,3822,3822,POGR,L,2019-06-14,
UMBS,134,3823,3823,PIST,G,2019-06-14,
UMBS,134,3824,3824,POGR,G,2019-06-14,
UMBS,134,3825,3825,SNAG,D,2019-06-14,
UMBS,134,3826,3826,ACRU,L,2019-06-14,Shares base with 4WA1
UMBS,134,3827,3827,QURU,L,2019-06-14,
UMBS,134,3828,3828,ACRU,L,2019-06-14,Shares base with 3829
UMBS,134,3829,3829,ACRU,D,2019-06-14,Shares base with 3828
UMBS,134,3830,3830,ACRU,L,2019-06-14,
UMBS,134,3831,3831,ACRU,L,2019-06-14,
UMBS,134,3832,3832,ACRU,L,2019-06-14,
UMBS,134,3833,3833,PIST,G,2019-06-14,
UMBS,134,3834,3834,PIST,L,2019-06-14,
UMBS,134,3835,3835,POGR,D,2019-06-14,"Short snag, fairly decomposed "
UMBS,134,3836,3836,QURU,L,2019-06-14,
UMBS,134,3837,3837,QURU,L,2019-06-14,
UMBS,134,3838,3838,POGR,D,2019-06-14,Short snag 
UMBS,134,3839,3839,QURU,L,2019-06-14,
UMBS,134,3840,3840,PIST,G,2019-06-14,
UMBS,134,3841,3841,POGR,L,2019-06-14,
UMBS,135,3842,3842,POGR,L,2019-06-14,
UMBS,135,3843,3843,POGR,L,2019-06-14,
UMBS,135,3844,3844,POGR,G,2019-06-14,Moribund before girdling 
UMBS,135,3845,3845,BEPA,G,2019-06-14,Two small stems from same base
UMBS,133,3846,3846,PIST,L,2019-06-14,
UMBS,135,3847,3847,POGR,G,2019-06-14,Dead before girdling 
UMBS,135,3848,3848,PIST,G,2019-06-14,
UMBS,135,3849,3849,POGR,G,2019-06-14,
UMBS,135,3850,3850,POGR,L,2019-06-14,
UMBS,135,3851,3851,PIST,L,2019-06-14,
UMBS,135,3852,3852,PIST,L,2019-06-14,
UMBS,135,4WP1,62,POGR,L,2019-06-14,0062 on Haglof
UMBS,135,4WP3,63,POGR,L,2019-06-14,0063 on Haglof
UMBS,136,3853,3853,POGR,D,2019-06-14,Short snag 
UMBS,136,3854,3854,PIST,L,2019-06-14,
UMBS,136,3855,3855,PIST,L,2019-06-14,
UMBS,136,3856,3856,PIST,D,2019-06-14,
UMBS,136,3857,3857,PIST,L,2019-06-14,
UMBS,136,3858,3858,POGR,L,2019-06-14,
UMBS,136,3859,3859,PIST,D,2019-06-14,
UMBS,136,3860,3860,POGR,L,2019-06-14,
UMBS,136,3861,3861,POGR,G,2019-06-14,
UMBS,136,3862,3862,POGR,L,2019-06-14,
UMBS,136,3863,3863,PIST,L,2019-06-14,
UMBS,136,3864,3864,POGR,L,2019-06-14,
UMBS,136,3865,3865,PIST,L,2019-06-14,
UMBS,136,3866,3866,PIST,D,2019-06-14,
UMBS,136,3867,3867,PIST,L,2019-06-14,
UMBS,136,3868,3868,PIST,L,2019-06-14,
UMBS,136,3869,3869,PIST,L,2019-06-14,
UMBS,136,3870,3870,POGR,L,2019-06-14,
UMBS,136,3871,3871,PIST,L,2019-06-14,
UMBS,136,3872,3872,POGR,L,2019-06-14,
UMBS,136,3873,3873,POGR,L,2019-06-14,
UMBS,136,3874,3874,PIST,L,2019-06-14,
UMBS,136,3875,3875,PIST,L,2019-06-14,
UMBS,136,3876,3876,PIST,L,2019-06-14,
UMBS,136,3877,3877,POGR,L,2019-06-14,
UMBS,136,3878,3878,POGR,L,2019-06-14,
UMBS,136,3879,3879,PIST,L,2019-06-14,
UMBS,136,3880,3880,PIST,L,2019-06-14,
UMBS,136,3881,3881,PIST,L,2019-06-14,
UMBS,136,3882,3882,QURU,L,2019-06-14,
UMBS,136,3883,3883,PIST,L,2019-06-14,
UMBS,136,3884,3884,PIST,L,2019-06-14,
UMBS,136,3885,3885,PIST,L,2019-06-14,
UMBS,136,3886,3886,POGR,L,2019-06-14,
UMBS,136,3887,3887,PIST,L,2019-06-14,
UMBS,136,3888,3888,PIST,L,2019-06-14,
UMBS,136,3889,3889,QURU,L,2019-06-14,
UMBS,137,3890,3890,PIST,L,2019-06-14,
UMBS,137,3891,3891,POGR,D,2019-06-14,Short snag
UMBS,137,3892,3892,POGR,L,2019-06-14,
UMBS,137,3893,3893,ACRU,L,2019-06-14,
UMBS,137,3894,3894,ACRU,L,2019-06-14,Triple stem with 3895 & 3896
UMBS,137,3895,3895,ACRU,L,2019-06-14,Triple stem with 3894 & 3896
UMBS,137,3896,3896,ACRU,L,2019-06-14,Triple stem with 3894 & 3895
UMBS,137,3897,3897,POGR,D,2019-06-14,Short snag 
UMBS,137,3898,3898,POGR,D,2019-06-14,
UMBS,137,3899,3899,PIST,L,2019-06-14,
UMBS,137,3900,3900,QURU,L,2019-06-14,Shares base with 4EQ2
UMBS,137,3901,3901,POGR,L,2019-06-14,
UMBS,137,3902,3902,POGR,G,2019-06-14,Was dead before girdling 
UMBS,137,3903,3903,PIST,G,2019-06-14,Checked DBH with tape (tree slightly too large for calipers); 63.3
UMBS,137,3904,3904,QURU,L,2019-06-14,
UMBS,137,3905,3905,POGR,M,2019-06-14,Very scraggly crown
UMBS,138,3906,3906,POGR,L,2019-06-14,
UMBS,138,3907,3907,PIST,L,2019-06-14,
UMBS,138,3908,3908,QURU,L,2019-06-14,
UMBS,138,3909,3909,POGR,L,2019-06-14,
UMBS,138,3910,3910,POGR,L,2019-06-14,
UMBS,138,3911,3911,QURU,L,2019-06-14,
UMBS,138,3912,3912,QURU,D,2019-06-14,Shares base with 4EQ1
UMBS,138,3913,3913,PIST,L,2019-06-14,
UMBS,138,3914,3914,QURU,L,2019-06-14,
UMBS,138,3915,3915,PIST,L,2019-06-14,
UMBS,138,3916,3916,QURU,L,2019-06-14,
UMBS,138,3917,3917,PIST,L,2019-06-14,
UMBS,139,3918,3918,PIST,L,2019-06-14,
UMBS,139,3919,3919,SNAG,D,2019-06-14,
UMBS,139,3920,3920,PIST,L,2019-06-14,
UMBS,136,3921,3921,QURU,L,2019-06-14,
UMBS,138,3922,3922,QURU,L,2019-06-14,
UMBS,138,3923,3923,QURU,L,2019-06-14,
UMBS,136,4EA3,64,ACRU,L,2019-06-14,"0064 on Haglof, three small stems from same base"
UMBS,136,4EQ3,65,QURU,L,2019-06-14,0065 on Haglof; accidentally girdled
UMBS,136,4EQ2,66,QURU,L,2019-06-14,0066 on Haglof; shares base with 3900
UMBS,137,4EP1,67,POGR,L,2019-06-14,0067 on Haglof
UMBS,137,4EA1,68,ACRU,L,2019-06-14,0068 on Haglof; shares base with two small stems
UMBS,137,4EA2,69,ACRU,L,2019-06-14,0069 on Haglof 
UMBS,138,3924,3924,QURU,L,2019-06-14,
UMBS,138,3925,3925,PIST,L,2019-06-14,
UMBS,138,3926,3926,ACRU,L,2019-06-14,
UMBS,138,3927,3927,ACRU,L,2019-06-14,Shares base with second small dead stem
UMBS,138,3928,3928,ACRU,D,2019-06-14,Shares base with several small stems 
UMBS,138,3929,3929,QURU,L,2019-06-14,Shares base with 3930
UMBS,138,3930,3930,QURU,L,2019-06-14,Shares base with 3929
UMBS,138,3931,3931,PIST,L,2019-06-14,
UMBS,138,3932,3932,QURU,L,2019-06-14,
UMBS,138,3933,3933,ACRU,L,2019-06-14,
UMBS,139,3934,3934,QURU,L,2019-06-14,
UMBS,139,3935,3935,QURU,L,2019-06-14,
UMBS,139,3936,3936,QURU,L,2019-06-14,
UMBS,139,3937,3937,ACRU,L,2019-06-14,Triple stem with 3938 & 3939
UMBS,139,3938,3938,ACRU,L,2019-06-14,Triple stem with 3937 & 3939
UMBS,139,3939,3939,ACRU,L,2019-06-14,Triple stem with 3937 & 3938
UMBS,139,3940,3940,QURU,L,2019-06-14,
UMBS,139,3941,3941,QURU,L,2019-06-14,LAST TREE
UMBS,138,4EP3,70,POGR,L,2019-06-14,0070 on Haglof
UMBS,138,4EP2 ,71,POGR,L,2019-06-14,0071 on Haglof
UMBS,138,4EQ1,72,QURU,L,2019-06-14,0072 on Haglof
